<?xml version="1.0" encoding="UTF-8"?>
<project-private xmlns="http://www.netbeans.org/ns/project-private/1">
    <editor-bookmarks xmlns="http://www.netbeans.org/ns/editor-bookmarks/2" lastBookmarkId="0"/>
    <open-files xmlns="http://www.netbeans.org/ns/projectui-open-files/2">
        <group>
            <file>file:/home/mhcrnl/NetBeansProjects/JavaConsole_PhoneBook/src/javaconsole_phonebook1/Controller.java</file>
            <file>file:/home/mhcrnl/NetBeansProjects/JavaConsole_PhoneBook/src/Test/readWriteFile.java</file>
            <file>file:/home/mhcrnl/NetBeansProjects/JavaConsole_PhoneBook/src/Test/LineStream.java</file>
            <file>file:/home/mhcrnl/NetBeansProjects/JavaConsole_PhoneBook/src/javaconsole_phonebook1/Contact.java</file>
            <file>file:/home/mhcrnl/NetBeansProjects/JavaConsole_PhoneBook/src/Test/PersoanaArray/PersoanaArray.java</file>
            <file>file:/home/mhcrnl/NetBeansProjects/JavaConsole_PhoneBook/src/Test/TrueFalse.java</file>
            <file>file:/home/mhcrnl/NetBeansProjects/JavaConsole_PhoneBook/src/Test/IOFileObject_Student.java</file>
            <file>file:/home/mhcrnl/NetBeansProjects/JavaConsole_PhoneBook/src/Test/Consola.java</file>
            <file>file:/home/mhcrnl/NetBeansProjects/JavaConsole_PhoneBook/src/Test/CopyCharacterStream.java</file>
            <file>file:/home/mhcrnl/NetBeansProjects/JavaConsole_PhoneBook/src/Test/PersoanaArray/PersoanaArrayMain.java</file>
            <file>file:/home/mhcrnl/NetBeansProjects/JavaConsole_PhoneBook/src/Test/PersoanaArray/PracticeMain.java</file>
            <file>file:/home/mhcrnl/NetBeansProjects/JavaConsole_PhoneBook/src/javaconsole_phonebook/Contact.java</file>
            <file>file:/home/mhcrnl/NetBeansProjects/JavaConsole_PhoneBook/src/Test/PersoanaArray/Persoana.java</file>
        </group>
    </open-files>
</project-private>
